line,train_num,delay,trainowner
Namboku,A0714K,0,Tokyu
Namboku,A0703K,0,Tokyu
Namboku,A0786M,0,SaitamaRailway
Namboku,A0720K,0,Tokyu
Namboku,A0732S,0,TokyoMetro
Namboku,A0710K,0,Tokyu
Namboku,A0738S,0,TokyoMetro
Namboku,A0744S,0,TokyoMetro
Namboku,A0730S,0,TokyoMetro
Namboku,A0712K,0,Tokyu
Namboku,A0784M,0,SaitamaRailway
Namboku,B0766S,0,TokyoMetro
Namboku,B0750S,0,TokyoMetro
Namboku,B0742S,0,TokyoMetro
Namboku,B0794M,0,SaitamaRailway
Namboku,B0792M,0,SaitamaRailway
Namboku,B0708K,0,Tokyu
Namboku,B0790M,0,SaitamaRailway
Namboku,B0760S,0,TokyoMetro
Namboku,B0734S,0,TokyoMetro
Namboku,B0754S,0,TokyoMetro
Namboku,B0756S,0,TokyoMetro
Namboku,B0764S,0,TokyoMetro
Namboku,B0704K,0,Tokyu
Hibiya,A0840S,0,TokyoMetro
Hibiya,A0762S,0,TokyoMetro
Hibiya,A0701T,0,Tobu
Hibiya,A0842S,0,TokyoMetro
Hibiya,A0732S,0,TokyoMetro
Hibiya,A0629T,0,Tobu
Hibiya,A0705T,0,Tobu
Hibiya,A0720S,0,TokyoMetro
Hibiya,A0627T,0,Tobu
Hibiya,A0710S,0,TokyoMetro
Hibiya,A0718S,0,TokyoMetro
Hibiya,A0764S,0,TokyoMetro
Hibiya,A0770S,0,TokyoMetro
Hibiya,A0716S,0,TokyoMetro
Hibiya,A0724S,0,TokyoMetro
Hibiya,A0763S,0,TokyoMetro
Hibiya,A0625T,0,Tobu
Hibiya,A0614S,0,TokyoMetro
Hibiya,A0752S,0,TokyoMetro
Hibiya,A0623T,0,Tobu
Hibiya,A0726S,0,TokyoMetro
Hibiya,B0860S,0,TokyoMetro
Hibiya,B0802S,0,TokyoMetro
Hibiya,B0822S,0,TokyoMetro
Hibiya,B0836S,0,TokyoMetro
Hibiya,B0719T,0,Tobu
Hibiya,B0717T,0,Tobu
Hibiya,B0746S,0,TokyoMetro
Hibiya,B0758S,0,TokyoMetro
Hibiya,B0715T,0,Tobu
Hibiya,B0744S,0,TokyoMetro
Hibiya,B0713T,0,Tobu
Hibiya,B0748S,0,TokyoMetro
Hibiya,B0711T,0,Tobu
Hibiya,B0709T,0,Tobu
Hibiya,B0712S,0,TokyoMetro
Marunouchi,A0887,0,TokyoMetro
Marunouchi,A0831,0,TokyoMetro
Marunouchi,A0849,0,TokyoMetro
Marunouchi,A0885,0,TokyoMetro
Marunouchi,A0855,0,TokyoMetro
Marunouchi,A0829,0,TokyoMetro
Marunouchi,A0883,0,TokyoMetro
Marunouchi,A0745,0,TokyoMetro
Marunouchi,A0781,0,TokyoMetro
Marunouchi,A0727,0,TokyoMetro
Marunouchi,A0741,0,TokyoMetro
Marunouchi,A0779,0,TokyoMetro
Marunouchi,A0725,0,TokyoMetro
Marunouchi,A0711,0,TokyoMetro
Marunouchi,A0777,0,TokyoMetro
Marunouchi,A0747,0,TokyoMetro
Marunouchi,A0723,0,TokyoMetro
Marunouchi,A0775,0,TokyoMetro
Marunouchi,A0739,0,TokyoMetro
Marunouchi,A0773,0,TokyoMetro
Marunouchi,A08361,0,TokyoMetro
Marunouchi,A0743,0,TokyoMetro
Marunouchi,A0721,0,TokyoMetro
Marunouchi,A0709,0,TokyoMetro
Marunouchi,A08341,0,TokyoMetro
Marunouchi,A08381,0,TokyoMetro
Marunouchi,B08321,0,TokyoMetro
Marunouchi,B0869,0,TokyoMetro
Marunouchi,B0803,0,TokyoMetro
Marunouchi,B0867,0,TokyoMetro
Marunouchi,B0805,0,TokyoMetro
Marunouchi,B0865,0,TokyoMetro
Marunouchi,B0707,0,TokyoMetro
Marunouchi,B0817,0,TokyoMetro
Marunouchi,B0763,0,TokyoMetro
Marunouchi,B0871,0,TokyoMetro
Marunouchi,B0737,0,TokyoMetro
Marunouchi,B0701,0,TokyoMetro
Marunouchi,B0799,0,TokyoMetro
Marunouchi,B0715,0,TokyoMetro
Marunouchi,B0761,0,TokyoMetro
Marunouchi,B0797,0,TokyoMetro
Marunouchi,B0753,0,TokyoMetro
Marunouchi,B0795,0,TokyoMetro
Marunouchi,B0759,0,TokyoMetro
Marunouchi,B0793,0,TokyoMetro
Marunouchi,B0751,0,TokyoMetro
Marunouchi,B0791,0,TokyoMetro
Marunouchi,B0713,0,TokyoMetro
Marunouchi,B0789,0,TokyoMetro
Marunouchi,B0757,0,TokyoMetro
Yurakucho,A0833S,0,TokyoMetro
Yurakucho,A0831S,0,TokyoMetro
Yurakucho,A0851S,0,TokyoMetro
Yurakucho,A0715T,0,Tobu
Yurakucho,A0714M,0,Seibu
Yurakucho,A0753S,0,TokyoMetro
Yurakucho,A0747S,0,TokyoMetro
Yurakucho,A0755S,0,TokyoMetro
Yurakucho,A0723T,0,Tobu
Yurakucho,A0769S,0,TokyoMetro
Yurakucho,A0773S,0,TokyoMetro
Yurakucho,A0767S,0,TokyoMetro
Yurakucho,A0779S,0,TokyoMetro
Yurakucho,A0793S,0,TokyoMetro
Yurakucho,A0613T,0,Tobu
Yurakucho,A0749S,0,TokyoMetro
Yurakucho,A0781S,0,TokyoMetro
Yurakucho,A0628M,0,Seibu
Yurakucho,A0665S,0,TokyoMetro
Yurakucho,A0777S,0,TokyoMetro
Yurakucho,A0691S,0,TokyoMetro
Yurakucho,B0816M,0,Seibu
Yurakucho,B0871S,0,TokyoMetro
Yurakucho,B0845S,0,TokyoMetro
Yurakucho,B0708M,0,Seibu
Yurakucho,B0743S,0,TokyoMetro
Yurakucho,B0709T,0,Tobu
Yurakucho,B0750M,0,Seibu
Yurakucho,B0741S,0,TokyoMetro
Yurakucho,B0761S,0,TokyoMetro
Yurakucho,B0705T,0,Tobu
Yurakucho,B0739S,0,TokyoMetro
Yurakucho,B0737S,0,TokyoMetro
Yurakucho,B0735S,0,TokyoMetro
Tozai,A0852T,0,ToyoRapidRailway
Tozai,A0823S,0,TokyoMetro
Tozai,A0862T,0,ToyoRapidRailway
Tozai,A0871S,0,TokyoMetro
Tozai,A0737S,0,TokyoMetro
Tozai,A0717S,0,TokyoMetro
Tozai,A0750T,0,ToyoRapidRailway
Tozai,A0705K,0,JR-East
Tozai,A0707K,0,JR-East
Tozai,A0719S,0,TokyoMetro
Tozai,A0743S,0,TokyoMetro
Tozai,A0765S,0,TokyoMetro
Tozai,A0767S,0,TokyoMetro
Tozai,A0713S,0,TokyoMetro
Tozai,A0739S,0,TokyoMetro
Tozai,A0727S,0,TokyoMetro
Tozai,A0761S,0,TokyoMetro
Tozai,A0745S,0,TokyoMetro
Tozai,A0735S,0,TokyoMetro
Tozai,B0751S,0,TokyoMetro
Tozai,B0760T,0,ToyoRapidRailway
Tozai,B0759S,0,TokyoMetro
Tozai,B0711K,0,JR-East
Tozai,B0891S,0,TokyoMetro
Tozai,B0749S,0,TokyoMetro
Tozai,B0758T,0,ToyoRapidRailway
Tozai,B0787S,0,TokyoMetro
Tozai,B0783S,0,TokyoMetro
Tozai,B0766T,0,ToyoRapidRailway
Tozai,B0733S,0,TokyoMetro
Tozai,B0781S,0,TokyoMetro
Tozai,B0755S,0,TokyoMetro
Tozai,B0729S,0,TokyoMetro
Tozai,B0779S,0,TokyoMetro
Tozai,B0756T,0,ToyoRapidRailway
Tozai,B0775S,0,TokyoMetro
Tozai,B0721S,0,TokyoMetro
Tozai,B0777S,0,TokyoMetro
Tozai,B0799S,0,TokyoMetro
Tozai,B0725S,0,TokyoMetro
Tozai,B0702S,0,TokyoMetro
Tozai,B0701K,0,JR-East
Tozai,B0654T,0,ToyoRapidRailway
Ginza,A0855,0,TokyoMetro
Ginza,A0817,0,TokyoMetro
Ginza,A0845,0,TokyoMetro
Ginza,A0849,0,TokyoMetro
Ginza,A0843,0,TokyoMetro
Ginza,A0865,0,TokyoMetro
Ginza,A0709,0,TokyoMetro
Ginza,A0841,0,TokyoMetro
Ginza,A0747,0,TokyoMetro
Ginza,A0751,0,TokyoMetro
Ginza,A0715,0,TokyoMetro
Ginza,A0739,0,TokyoMetro
Ginza,A0711,0,TokyoMetro
Ginza,A0737,0,TokyoMetro
Ginza,A0763,0,TokyoMetro
Ginza,A0735,0,TokyoMetro
Ginza,A0701,0,TokyoMetro
Ginza,A0733,0,TokyoMetro
Ginza,B0831,0,TokyoMetro
Ginza,B0813,0,TokyoMetro
Ginza,B0829,0,TokyoMetro
Ginza,B0861,0,TokyoMetro
Ginza,B0827,0,TokyoMetro
Ginza,B0853,0,TokyoMetro
Ginza,B0725,0,TokyoMetro
Ginza,B0707,0,TokyoMetro
Ginza,B0759,0,TokyoMetro
Ginza,B0723,0,TokyoMetro
Ginza,B0703,0,TokyoMetro
Ginza,B0721,0,TokyoMetro
Ginza,B0705,0,TokyoMetro
Ginza,B0757,0,TokyoMetro
Ginza,B0719,0,TokyoMetro
Ginza,B0771,0,TokyoMetro
Ginza,B0767,0,TokyoMetro
Chiyoda,A0896S1,0,TokyoMetro
Chiyoda,A0806S,0,TokyoMetro
Chiyoda,A0715S,0,TokyoMetro
Chiyoda,A0721S,0,TokyoMetro
Chiyoda,A0731S,0,TokyoMetro
Chiyoda,A0747E,0,Odakyu
Chiyoda,A0731K,0,JR-East
Chiyoda,A0709K,0,JR-East
Chiyoda,A0701K,0,JR-East
Chiyoda,A0713K,0,JR-East
Chiyoda,A0741S,0,TokyoMetro
Chiyoda,A0729K,0,JR-East
Chiyoda,A0711S,0,TokyoMetro
Chiyoda,A0704S,0,TokyoMetro
Chiyoda,A0701S,0,TokyoMetro
Chiyoda,A0755E,0,Odakyu
Chiyoda,A0621K,0,JR-East
Chiyoda,A0727K,0,JR-East
Chiyoda,A0633S,0,TokyoMetro
Chiyoda,A0625K,0,JR-East
Chiyoda,B0810S,0,TokyoMetro
Chiyoda,B0649S,0,TokyoMetro
Chiyoda,B0808S,0,TokyoMetro
Chiyoda,B0807K,0,JR-East
Chiyoda,B0712S,0,TokyoMetro
Chiyoda,B0719K,0,JR-East
Chiyoda,B0643E,0,Odakyu
Chiyoda,B0743S,0,TokyoMetro
Chiyoda,B0705K,0,JR-East
Chiyoda,B0717K,0,JR-East
Chiyoda,B0641E,0,Odakyu
Chiyoda,B0717S,0,TokyoMetro
Chiyoda,B0745S,0,TokyoMetro
Chiyoda,B0715K,0,JR-East
Chiyoda,B0898S1,0,TokyoMetro
Hanzomon,A0740K,0,Tokyu
Hanzomon,A0709K,0,Tokyu
Hanzomon,A0739K,0,Tokyu
Hanzomon,A0606K,0,Tokyu
Hanzomon,A0721K,0,Tokyu
Hanzomon,A0723K,0,Tokyu
Hanzomon,A0738K,0,Tokyu
Hanzomon,A0691S,0,TokyoMetro
Hanzomon,A0720K,0,Tokyu
Hanzomon,A0633K,0,Tokyu
Hanzomon,A0732K,0,Tokyu
Hanzomon,A0659S,0,TokyoMetro
Hanzomon,A0634K,0,Tokyu
Hanzomon,A0619K,0,Tokyu
Hanzomon,A0655S,0,TokyoMetro
Hanzomon,A0622K,0,Tokyu
Hanzomon,B0724K,0,Tokyu
Hanzomon,B0804K,0,Tokyu
Hanzomon,B0674T,0,Tobu
Hanzomon,B0676T,0,Tobu
Hanzomon,B0818K,0,Tokyu
Hanzomon,B0789S,0,TokyoMetro
Hanzomon,B0672T,0,Tobu
Hanzomon,B0670T,0,Tobu
Hanzomon,B0716K,0,Tokyu
Hanzomon,B0683S,0,TokyoMetro
Hanzomon,B0765S,0,TokyoMetro
Fukutoshin,A0757K,0,Tokyu
Fukutoshin,A0703K,0,Tokyu
Fukutoshin,A0751K,0,Tokyu
Fukutoshin,A0731K,0,Tokyu
Fukutoshin,A0702K,0,Tokyu
Fukutoshin,A0632M,0,Seibu
Fukutoshin,A0701K,0,Tokyu
Fukutoshin,A0757S,0,TokyoMetro
Fukutoshin,B0795S,0,TokyoMetro
Fukutoshin,B0705S,0,TokyoMetro
Fukutoshin,B0719K,0,Tokyu
Fukutoshin,B0722M,0,Seibu
Fukutoshin,B0732K,0,Tokyu
Fukutoshin,B0620K,0,Tokyu
Fukutoshin,B0721T,0,Tobu
Fukutoshin,B0714K,0,Tokyu
Fukutoshin,B0608K,0,Tokyu
Namboku,A1202K,0,Tokyu
Namboku,A1210K,0,Tokyu
Namboku,A1368S,0,TokyoMetro
Namboku,A1386M,0,SaitamaRailway
Namboku,A1236S,0,TokyoMetro
Namboku,A1284M,0,SaitamaRailway
Namboku,A1294M,0,SaitamaRailway
Namboku,B1380M,0,SaitamaRailway
Namboku,B1288M,0,SaitamaRailway
Namboku,B1246S,0,TokyoMetro
Namboku,B1208K,0,Tokyu
Namboku,B1270S,0,TokyoMetro
Namboku,B1250S,0,TokyoMetro
Namboku,B1261T,0,Toei
Namboku,B1212K,0,Tokyu
Hibiya,A1235T,0,Tobu
Hibiya,A1305T,0,Tobu
Hibiya,A1203T,0,Tobu
Hibiya,A1316S,0,TokyoMetro
Hibiya,A1109T,0,Tobu
Hibiya,A1252S,0,TokyoMetro
Hibiya,A1125T,0,Tobu
Hibiya,A1202S,0,TokyoMetro
Hibiya,A1113T,0,Tobu
Hibiya,A1238S,0,TokyoMetro
Hibiya,B1311T,0,Tobu
Hibiya,B1317T,0,Tobu
Hibiya,B1318S,0,TokyoMetro
Hibiya,B1334S,0,TokyoMetro
Hibiya,B1201T,0,Tobu
Hibiya,B1233T,0,Tobu
Hibiya,B1229T,0,Tobu
Hibiya,B1231T,0,Tobu
Hibiya,B1214S,0,TokyoMetro
Hibiya,B1240S,0,TokyoMetro
Marunouchi,A1347,0,TokyoMetro
Marunouchi,A1329,0,TokyoMetro
Marunouchi,A1383,0,TokyoMetro
Marunouchi,A1373,0,TokyoMetro
Marunouchi,A1393,0,TokyoMetro
Marunouchi,A1221,0,TokyoMetro
Marunouchi,A1279,0,TokyoMetro
Marunouchi,A1203,0,TokyoMetro
Marunouchi,A1219,0,TokyoMetro
Marunouchi,A1275,0,TokyoMetro
Marunouchi,A1265,0,TokyoMetro
Marunouchi,A13341,0,TokyoMetro
Marunouchi,A1217,0,TokyoMetro
Marunouchi,A1243,0,TokyoMetro
Marunouchi,A13381,0,TokyoMetro
Marunouchi,B13321,0,TokyoMetro
Marunouchi,B1315,0,TokyoMetro
Marunouchi,B1353,0,TokyoMetro
Marunouchi,B1305,0,TokyoMetro
Marunouchi,B1333,0,TokyoMetro
Marunouchi,B1213,0,TokyoMetro
Marunouchi,B1231,0,TokyoMetro
Marunouchi,B1261,0,TokyoMetro
Marunouchi,B1369,0,TokyoMetro
Marunouchi,B1285,0,TokyoMetro
Marunouchi,B1259,0,TokyoMetro
Marunouchi,B1281,0,TokyoMetro
Marunouchi,B1225,0,TokyoMetro
Marunouchi,B1271,0,TokyoMetro
Yurakucho,A1281S,0,TokyoMetro
Yurakucho,A1251S,0,TokyoMetro
Yurakucho,A1291S,0,TokyoMetro
Yurakucho,A1223S,0,TokyoMetro
Yurakucho,A1216M,0,Seibu
Yurakucho,A1207T,0,Tobu
Yurakucho,A1253S,0,TokyoMetro
Yurakucho,A1295S,0,TokyoMetro
Yurakucho,A1231S,0,TokyoMetro
Yurakucho,B1383S,0,TokyoMetro
Yurakucho,B1309T,0,Tobu
Yurakucho,B1339S,0,TokyoMetro
Yurakucho,B1379S,0,TokyoMetro
Yurakucho,B1267S,0,TokyoMetro
Yurakucho,B1212M,0,Seibu
Yurakucho,B1221S,0,TokyoMetro
Yurakucho,B1243S,0,TokyoMetro
Yurakucho,B1245S,0,TokyoMetro
Tozai,A1356T,0,ToyoRapidRailway
Tozai,A1354T,0,ToyoRapidRailway
Tozai,A1203K,0,JR-East
Tozai,A1321S,0,TokyoMetro
Tozai,A1250T,0,ToyoRapidRailway
Tozai,A1261S,0,TokyoMetro
Tozai,A1271S,0,TokyoMetro
Tozai,A1219S,0,TokyoMetro
Tozai,A1247S,0,TokyoMetro
Tozai,A1267S,0,TokyoMetro
Tozai,A1263S,0,TokyoMetro
Tozai,A1264T,0,ToyoRapidRailway
Tozai,B1395S,0,TokyoMetro
Tozai,B1341S,0,TokyoMetro
Tozai,B1287S,0,TokyoMetro
Tozai,B1369S,0,TokyoMetro
Tozai,B1285S,0,TokyoMetro
Tozai,B1227S,0,TokyoMetro
Tozai,B1281S,0,TokyoMetro
Tozai,B1211K,0,JR-East
Tozai,B1257S,0,TokyoMetro
Tozai,B1299S,0,TokyoMetro
Tozai,B1233S,0,TokyoMetro
Ginza,A1345,0,TokyoMetro
Ginza,A1349,0,TokyoMetro
Ginza,A1309,0,TokyoMetro
Ginza,A1341,0,TokyoMetro
Ginza,A1347,0,TokyoMetro
Ginza,A1351,0,TokyoMetro
Ginza,A1215,0,TokyoMetro
Ginza,A1239,0,TokyoMetro
Ginza,A1263,0,TokyoMetro
Ginza,A1235,0,TokyoMetro
Ginza,A1201,0,TokyoMetro
Ginza,A1269,0,TokyoMetro
Ginza,A1231,0,TokyoMetro
Ginza,B1327,0,TokyoMetro
Ginza,B1353,0,TokyoMetro
Ginza,B1325,0,TokyoMetro
Ginza,B1359,0,TokyoMetro
Ginza,B1323,0,TokyoMetro
Ginza,B1303,0,TokyoMetro
Ginza,B1221,0,TokyoMetro
Ginza,B1257,0,TokyoMetro
Ginza,B1219,0,TokyoMetro
Ginza,B1267,0,TokyoMetro
Ginza,B1255,0,TokyoMetro
Ginza,B1217,0,TokyoMetro
Chiyoda,A1398S1,0,TokyoMetro
Chiyoda,A1201K,0,JR-East
Chiyoda,A1305S,0,TokyoMetro
Chiyoda,A1207S,0,TokyoMetro
Chiyoda,A1339S,0,TokyoMetro
Chiyoda,A1233K,0,JR-East
Chiyoda,A1219K,0,JR-East
Chiyoda,A1209S,0,TokyoMetro
Chiyoda,A1231K,0,JR-East
Chiyoda,A1253S,0,TokyoMetro
Chiyoda,B1353E,0,Odakyu
Chiyoda,B1329S,0,TokyoMetro
Chiyoda,B1215S,0,TokyoMetro
Chiyoda,B1243S,0,TokyoMetro
Chiyoda,B1205K,0,JR-East
Chiyoda,B1251S,0,TokyoMetro
Chiyoda,B1229K,420,JR-East
Chiyoda,B1225K,300,JR-East
Chiyoda,B1396S1,0,TokyoMetro
Hanzomon,A1270T,0,Tobu
Hanzomon,A1229K,0,Tokyu
Hanzomon,A1272T,0,Tobu
Hanzomon,A1264T,0,Tobu
Hanzomon,A1216K,0,Tokyu
Hanzomon,A1210K,0,Tokyu
Hanzomon,A1112K,0,Tokyu
Hanzomon,A1277S,0,TokyoMetro
Hanzomon,B1362T,0,Tobu
Hanzomon,B1276T,0,Tobu
Hanzomon,B1314K,0,Tokyu
Hanzomon,B1218K,0,Tokyu
Hanzomon,B1261S,0,TokyoMetro
Hanzomon,B1167S,0,TokyoMetro
Hanzomon,B1207K,0,Tokyu
Fukutoshin,A1325K,0,Tokyu
Fukutoshin,A1311S,0,TokyoMetro
Fukutoshin,A1201K,0,Tokyu
Fukutoshin,A1252K,0,Tokyu
Fukutoshin,A1201S,0,TokyoMetro
Fukutoshin,A1212K,0,Tokyu
Fukutoshin,B1213T,0,Tobu
Fukutoshin,B1203K,0,Tokyu
Fukutoshin,B1207K,0,Tokyu
Fukutoshin,B1220M,0,Seibu
Fukutoshin,B1108K,0,Tokyu
Fukutoshin,B1109K,0,Tokyu
Namboku,A1758S,0,TokyoMetro
Namboku,A1739T,0,Toei
Namboku,A1690M,0,SaitamaRailway
Namboku,A1638S,0,TokyoMetro
Namboku,A1682M,0,SaitamaRailway
Namboku,A1706K,0,Tokyu
Namboku,A1780M,0,SaitamaRailway
Namboku,A1604K,0,Tokyu
Namboku,B1748S,0,TokyoMetro
Namboku,B1694M,0,SaitamaRailway
Namboku,B1750S,0,TokyoMetro
Namboku,B1670S,0,TokyoMetro
Namboku,B1640S,0,TokyoMetro
Namboku,B1686M,0,SaitamaRailway
Namboku,B1611K,0,Tokyu
Namboku,B1656S,0,TokyoMetro
Namboku,B1603K,0,Tokyu
Hibiya,A1715T,0,Tobu
Hibiya,A1701T,0,Tobu
Hibiya,A1610S,0,TokyoMetro
Hibiya,A1714S,0,TokyoMetro
Hibiya,A1726S,0,TokyoMetro
Hibiya,A1609T,0,Tobu
Hibiya,A1744S,0,TokyoMetro
Hibiya,A1733T,0,Tobu
Hibiya,A1635T,0,Tobu
Hibiya,A1642S,0,TokyoMetro
Hibiya,A1732S,0,TokyoMetro
Hibiya,A1511T,0,Tobu
Hibiya,A1660S,0,TokyoMetro
Hibiya,A1650S,0,TokyoMetro
Hibiya,A1503T,0,Tobu
Hibiya,B1725T,0,Tobu
Hibiya,B1705T,0,Tobu
Hibiya,B1706S,0,TokyoMetro
Hibiya,B1728S,0,TokyoMetro
Hibiya,B1713T,0,Tobu
Hibiya,B1770S,0,TokyoMetro
Hibiya,B1716S,0,TokyoMetro
Hibiya,B1752S,0,TokyoMetro
Hibiya,B1729T,0,Tobu
Hibiya,B1764S,0,TokyoMetro
Hibiya,B1772S,0,TokyoMetro
Hibiya,B1654S,0,TokyoMetro
Hibiya,B1618S,0,TokyoMetro
Hibiya,B1602S,0,TokyoMetro
Hibiya,B1658S,0,TokyoMetro
Hibiya,B1623T,0,Tobu
Hibiya,B1630S,0,TokyoMetro
Marunouchi,A1793,0,TokyoMetro
Marunouchi,A1757,0,TokyoMetro
Marunouchi,A1739,0,TokyoMetro
Marunouchi,A1711,0,TokyoMetro
Marunouchi,A1761,0,TokyoMetro
Marunouchi,A1737,0,TokyoMetro
Marunouchi,A1785,0,TokyoMetro
Marunouchi,A1705,0,TokyoMetro
Marunouchi,A1775,0,TokyoMetro
Marunouchi,A1735,0,TokyoMetro
Marunouchi,A1781,0,TokyoMetro
Marunouchi,A1713,0,TokyoMetro
Marunouchi,A1747,0,TokyoMetro
Marunouchi,A1687,0,TokyoMetro
Marunouchi,A1631,0,TokyoMetro
Marunouchi,A1629,0,TokyoMetro
Marunouchi,A1609,0,TokyoMetro
Marunouchi,A17382,0,TokyoMetro
Marunouchi,A1669,0,TokyoMetro
Marunouchi,A1649,0,TokyoMetro
Marunouchi,A1673,0,TokyoMetro
Marunouchi,B17362,0,TokyoMetro
Marunouchi,B17322,0,TokyoMetro
Marunouchi,B17342,0,TokyoMetro
Marunouchi,B1721,0,TokyoMetro
Marunouchi,B1727,0,TokyoMetro
Marunouchi,B1771,0,TokyoMetro
Marunouchi,B1703,0,TokyoMetro
Marunouchi,B1719,0,TokyoMetro
Marunouchi,B1765,0,TokyoMetro
Marunouchi,B1759,0,TokyoMetro
Marunouchi,B1789,0,TokyoMetro
Marunouchi,B1779,0,TokyoMetro
Marunouchi,B1723,0,TokyoMetro
Marunouchi,B1751,0,TokyoMetro
Marunouchi,B1743,0,TokyoMetro
Marunouchi,B1725,0,TokyoMetro
Marunouchi,B1615,0,TokyoMetro
Marunouchi,B1667,0,TokyoMetro
Marunouchi,B1653,0,TokyoMetro
Marunouchi,B1783,0,TokyoMetro
Marunouchi,B1633,0,TokyoMetro
Marunouchi,B1607,0,TokyoMetro
Marunouchi,B1663,0,TokyoMetro
Marunouchi,B1617,0,TokyoMetro
Yurakucho,A1718M,0,Seibu
Yurakucho,A1779S,0,TokyoMetro
Yurakucho,A1621S,0,TokyoMetro
Yurakucho,A1711T,0,Tobu
Yurakucho,A1639S,0,TokyoMetro
Yurakucho,A1675S,0,TokyoMetro
Yurakucho,A1655S,0,TokyoMetro
Yurakucho,A1645S,0,TokyoMetro
Yurakucho,A1643S,0,TokyoMetro
Yurakucho,B1771S,0,TokyoMetro
Yurakucho,B1723S,0,TokyoMetro
Yurakucho,B1735S,0,TokyoMetro
Yurakucho,B1791S,0,TokyoMetro
Yurakucho,B1737S,0,TokyoMetro
Yurakucho,B1727S,0,TokyoMetro
Yurakucho,B1608M,0,Seibu
Yurakucho,B1751M,0,Seibu
Yurakucho,B1673S,0,TokyoMetro
Yurakucho,B1631S,0,TokyoMetro
Yurakucho,B1651S,0,TokyoMetro
Tozai,A1713S,0,TokyoMetro
Tozai,A1764T,0,ToyoRapidRailway
Tozai,A1731S,0,TokyoMetro
Tozai,A1766T,0,ToyoRapidRailway
Tozai,A1715S,0,TokyoMetro
Tozai,A1683S,0,TokyoMetro
Tozai,A1721S,0,TokyoMetro
Tozai,A1641S,0,TokyoMetro
Tozai,A1609K,0,JR-East
Tozai,A1687S,0,TokyoMetro
Tozai,A1691S,0,TokyoMetro
Tozai,A1623S,0,TokyoMetro
Tozai,A1671S,0,TokyoMetro
Tozai,A1635S,0,TokyoMetro
Tozai,A1695S,0,TokyoMetro
Tozai,B1711K,0,JR-East
Tozai,B1785S,0,TokyoMetro
Tozai,B1733S,0,TokyoMetro
Tozai,B1758T,0,ToyoRapidRailway
Tozai,B1654T,0,ToyoRapidRailway
Tozai,B1661S,0,TokyoMetro
Tozai,B1769S,0,TokyoMetro
Tozai,B1745S,0,TokyoMetro
Tozai,B1647S,0,TokyoMetro
Tozai,B1650T,0,ToyoRapidRailway
Tozai,B1743S,0,TokyoMetro
Tozai,B1603K,0,JR-East
Tozai,B1639S,0,TokyoMetro
Tozai,B1729S,0,TokyoMetro
Tozai,B1663S,0,TokyoMetro
Tozai,B1619S,0,TokyoMetro
Tozai,B1656T,0,ToyoRapidRailway
Tozai,B1625S,0,TokyoMetro
Ginza,A1703,0,TokyoMetro
Ginza,A1721,0,TokyoMetro
Ginza,A1743,0,TokyoMetro
Ginza,A1757,0,TokyoMetro
Ginza,A1719,0,TokyoMetro
Ginza,A1767,0,TokyoMetro
Ginza,A1755,0,TokyoMetro
Ginza,A1717,0,TokyoMetro
Ginza,A1729,0,TokyoMetro
Ginza,A1771,0,TokyoMetro
Ginza,A1745,0,TokyoMetro
Ginza,A1749,0,TokyoMetro
Ginza,A1709,0,TokyoMetro
Ginza,A1741,0,TokyoMetro
Ginza,A1647,0,TokyoMetro
Ginza,A1633,0,TokyoMetro
Ginza,A1651,0,TokyoMetro
Ginza,B1739,0,TokyoMetro
Ginza,B1763,0,TokyoMetro
Ginza,B1735,0,TokyoMetro
Ginza,B1737,0,TokyoMetro
Ginza,B1701,0,TokyoMetro
Ginza,B1769,0,TokyoMetro
Ginza,B1731,0,TokyoMetro
Ginza,B1713,0,TokyoMetro
Ginza,B1761,0,TokyoMetro
Ginza,B1727,0,TokyoMetro
Ginza,B1753,0,TokyoMetro
Ginza,B1725,0,TokyoMetro
Ginza,B1711,0,TokyoMetro
Ginza,B1659,0,TokyoMetro
Ginza,B1623,0,TokyoMetro
Chiyoda,A1798S3,0,TokyoMetro
Chiyoda,A1625S,0,TokyoMetro
Chiyoda,A1745E,0,Odakyu
Chiyoda,A1615S,0,TokyoMetro
Chiyoda,A1729S,0,TokyoMetro
Chiyoda,A1601K,0,JR-East
Chiyoda,A1621K,0,JR-East
Chiyoda,A1647S,0,TokyoMetro
Chiyoda,A1629K,0,JR-East
Chiyoda,A1633K,0,JR-East
Chiyoda,B1751S,0,TokyoMetro
Chiyoda,B1609S,0,TokyoMetro
Chiyoda,B1753S,0,TokyoMetro
Chiyoda,B1715K,0,JR-East
Chiyoda,B1731S,0,TokyoMetro
Chiyoda,B1711K,0,JR-East
Chiyoda,B1719S,0,TokyoMetro
Chiyoda,B1653E,0,Odakyu
Chiyoda,B1605S,0,TokyoMetro
Chiyoda,B1603S,0,TokyoMetro
Chiyoda,B1613S,0,TokyoMetro
Chiyoda,B1796S2,0,TokyoMetro
Hanzomon,A1668T,0,Tobu
Hanzomon,A1652T,0,Tobu
Hanzomon,A1656T,0,Tobu
Hanzomon,A1635K,0,Tokyu
Hanzomon,A1613K,0,Tokyu
Hanzomon,A1657S,0,TokyoMetro
Hanzomon,A1621K,0,Tokyu
Hanzomon,A1669S,0,TokyoMetro
Hanzomon,A1658T,0,Tobu
Hanzomon,A1630K,0,Tokyu
Hanzomon,B1727K,0,Tokyu
Hanzomon,B1650T,0,Tobu
Hanzomon,B1734K,0,Tokyu
Hanzomon,B1705K,0,Tokyu
Hanzomon,B1693S,0,TokyoMetro
Hanzomon,B1763S,0,TokyoMetro
Hanzomon,B1733K,0,Tokyu
Hanzomon,B1604K,0,Tokyu
Hanzomon,B1715K,0,Tokyu
Hanzomon,B1682T,0,Tobu
Hanzomon,B1665S,0,TokyoMetro
Fukutoshin,A1655K,0,Tokyu
Fukutoshin,A1726K,0,Tokyu
Fukutoshin,A1722K,0,Tokyu
Fukutoshin,A1612M,0,Seibu
Fukutoshin,A1759K,0,Tokyu
Fukutoshin,A1619K,0,Tokyu
Fukutoshin,A1701K,0,Tokyu
Fukutoshin,A1652K,0,Tokyu
Fukutoshin,A1620M,0,Seibu
Fukutoshin,B1604K,0,Tokyu
Fukutoshin,B1613T,0,Tobu
Fukutoshin,B1637K,0,Tokyu
Fukutoshin,B1609T,0,Tobu
Fukutoshin,B1636K,0,Tokyu
Fukutoshin,B1656K,0,Tokyu
Namboku,A1850S,0,TokyoMetro
Namboku,A1840S,0,TokyoMetro
Namboku,A1805K,0,Tokyu
Namboku,A1884M,0,SaitamaRailway
Namboku,A1886M,0,SaitamaRailway
Namboku,A1856S,0,TokyoMetro
Namboku,A1830S,0,TokyoMetro
Namboku,A1744S,0,TokyoMetro
Namboku,A1766S,0,TokyoMetro
Namboku,A1842S,0,TokyoMetro
Namboku,B1890M,0,SaitamaRailway
Namboku,B1838S,0,TokyoMetro
Namboku,B1852S,0,TokyoMetro
Namboku,B1882M,0,SaitamaRailway
Namboku,B1806K,0,Tokyu
Namboku,B1880M,0,SaitamaRailway
Namboku,B1860S,0,TokyoMetro
Namboku,B1704K,0,Tokyu
Namboku,B1762S,0,TokyoMetro
Namboku,B1764S,0,TokyoMetro
Hibiya,A1832S,0,TokyoMetro
Hibiya,A1830S,0,TokyoMetro
Hibiya,A1860S,0,TokyoMetro
Hibiya,A1836S,0,TokyoMetro
Hibiya,A1829T,0,Tobu
Hibiya,A1803T,0,Tobu
Hibiya,A1820S,0,TokyoMetro
Hibiya,A1734S,0,TokyoMetro
Hibiya,A1825T,0,Tobu
Hibiya,A1806S,0,TokyoMetro
Hibiya,A1766S,0,TokyoMetro
Hibiya,A1813T,0,Tobu
Hibiya,A1721T,0,Tobu
Hibiya,A1816S,0,TokyoMetro
Hibiya,B1864S,0,TokyoMetro
Hibiya,B1822S,0,TokyoMetro
Hibiya,B1854S,0,TokyoMetro
Hibiya,B1802S,0,TokyoMetro
Hibiya,B1808S,0,TokyoMetro
Hibiya,B1807T,0,Tobu
Hibiya,B1823T,0,Tobu
Hibiya,B1837T,0,Tobu
Hibiya,B1838S,0,TokyoMetro
Hibiya,B1815T,0,Tobu
Hibiya,B1801T,0,Tobu
Hibiya,B1810S,0,TokyoMetro
Hibiya,B1814S,0,TokyoMetro
Hibiya,B1826S,0,TokyoMetro
Hibiya,B1809T,0,Tobu
Hibiya,B1844S,0,TokyoMetro
Hibiya,B1733T,0,Tobu
Marunouchi,A1887,0,TokyoMetro
Marunouchi,A1831,0,TokyoMetro
Marunouchi,A1811,0,TokyoMetro
Marunouchi,A1809,0,TokyoMetro
Marunouchi,A1869,0,TokyoMetro
Marunouchi,A1885,0,TokyoMetro
Marunouchi,A1849,0,TokyoMetro
Marunouchi,A1873,0,TokyoMetro
Marunouchi,A1835,0,TokyoMetro
Marunouchi,A1821,0,TokyoMetro
Marunouchi,A1827,0,TokyoMetro
Marunouchi,A1847,0,TokyoMetro
Marunouchi,A1871,0,TokyoMetro
Marunouchi,A1803,0,TokyoMetro
Marunouchi,A1829,0,TokyoMetro
Marunouchi,A1819,0,TokyoMetro
Marunouchi,A1865,0,TokyoMetro
Marunouchi,A18383,0,TokyoMetro
Marunouchi,A1889,0,TokyoMetro
Marunouchi,A1879,0,TokyoMetro
Marunouchi,A1751,0,TokyoMetro
Marunouchi,A18363,0,TokyoMetro
Marunouchi,B18323,0,TokyoMetro
Marunouchi,B18343,0,TokyoMetro
Marunouchi,B1843,0,TokyoMetro
Marunouchi,B1815,0,TokyoMetro
Marunouchi,B1867,0,TokyoMetro
Marunouchi,B1883,0,TokyoMetro
Marunouchi,B1833,0,TokyoMetro
Marunouchi,B1859,0,TokyoMetro
Marunouchi,B1863,0,TokyoMetro
Marunouchi,B1817,0,TokyoMetro
Marunouchi,B1823,0,TokyoMetro
Marunouchi,B1857,0,TokyoMetro
Marunouchi,B1839,0,TokyoMetro
Marunouchi,B1825,0,TokyoMetro
Marunouchi,B1861,0,TokyoMetro
Marunouchi,B1837,0,TokyoMetro
Marunouchi,B1853,0,TokyoMetro
Marunouchi,B1805,0,TokyoMetro
Marunouchi,B1875,0,TokyoMetro
Marunouchi,B1807,0,TokyoMetro
Marunouchi,B1881,0,TokyoMetro
Marunouchi,B1713,0,TokyoMetro
Marunouchi,B1893,0,TokyoMetro
Yurakucho,A1881S,0,TokyoMetro
Yurakucho,A1871S,0,TokyoMetro
Yurakucho,A1837S,0,TokyoMetro
Yurakucho,A1721T,0,Tobu
Yurakucho,A1716M,0,Seibu
Yurakucho,A1801T,0,Tobu
Yurakucho,A1827S,0,TokyoMetro
Yurakucho,A1707T,0,Tobu
Yurakucho,A1895S,0,TokyoMetro
Yurakucho,A1708M,0,Seibu
Yurakucho,A1734M,0,Seibu
Yurakucho,B1863S,0,TokyoMetro
Yurakucho,B1883S,0,TokyoMetro
Yurakucho,B1851S,0,TokyoMetro
Yurakucho,B1867S,0,TokyoMetro
Yurakucho,B1885S,0,TokyoMetro
Yurakucho,B1853S,0,TokyoMetro
Yurakucho,B1818M,0,Seibu
Yurakucho,B1865S,0,TokyoMetro
Yurakucho,B1879S,0,TokyoMetro
Yurakucho,B1821S,0,TokyoMetro
Yurakucho,B1893S,0,TokyoMetro
Yurakucho,B1811T,0,Tobu
Yurakucho,B1775S,0,TokyoMetro
Yurakucho,B1747S,0,TokyoMetro
Tozai,A1871S,0,TokyoMetro
Tozai,A1861S,0,TokyoMetro
Tozai,A1899S,0,TokyoMetro
Tozai,A1869S,0,TokyoMetro
Tozai,A1811K,0,JR-East
Tozai,A1847S,0,TokyoMetro
Tozai,A1885S,0,TokyoMetro
Tozai,A1805K,0,JR-East
Tozai,A1829S,0,TokyoMetro
Tozai,A1858T,0,ToyoRapidRailway
Tozai,A1719S,0,TokyoMetro
Tozai,A1854T,0,ToyoRapidRailway
Tozai,A1725S,0,TokyoMetro
Tozai,A1757S,0,TokyoMetro
Tozai,A1750T,0,ToyoRapidRailway
Tozai,A1845S,0,TokyoMetro
Tozai,A1703K,0,JR-East
Tozai,B1887S,0,TokyoMetro
Tozai,B1807K,0,JR-East
Tozai,B1823S,0,TokyoMetro
Tozai,B1817S,0,TokyoMetro
Tozai,B1831S,0,TokyoMetro
Tozai,B1813S,0,TokyoMetro
Tozai,B1883S,0,TokyoMetro
Tozai,B1895S,0,TokyoMetro
Tozai,B1767S,0,TokyoMetro
Tozai,B1768T,0,ToyoRapidRailway
Tozai,B1841S,0,TokyoMetro
Tozai,B1809K,0,JR-East
Tozai,B1735S,0,TokyoMetro
Tozai,B1791S,0,TokyoMetro
Tozai,B1873S,0,TokyoMetro
Tozai,B1775S,0,TokyoMetro
Ginza,A1823,0,TokyoMetro
Ginza,A1803,0,TokyoMetro
Ginza,A1821,0,TokyoMetro
Ginza,A1843,0,TokyoMetro
Ginza,A1857,0,TokyoMetro
Ginza,A1819,0,TokyoMetro
Ginza,A1867,0,TokyoMetro
Ginza,A1855,0,TokyoMetro
Ginza,A1817,0,TokyoMetro
Ginza,A1829,0,TokyoMetro
Ginza,A1871,0,TokyoMetro
Ginza,A1845,0,TokyoMetro
Ginza,A1849,0,TokyoMetro
Ginza,A1809,0,TokyoMetro
Ginza,A1841,0,TokyoMetro
Ginza,A1847,0,TokyoMetro
Ginza,A1833,0,TokyoMetro
Ginza,A1851,0,TokyoMetro
Ginza,B1839,0,TokyoMetro
Ginza,B1863,0,TokyoMetro
Ginza,B1835,0,TokyoMetro
Ginza,B1837,0,TokyoMetro
Ginza,B1801,0,TokyoMetro
Ginza,B1869,0,TokyoMetro
Ginza,B1831,0,TokyoMetro
Ginza,B1813,0,TokyoMetro
Ginza,B1861,0,TokyoMetro
Ginza,B1827,0,TokyoMetro
Ginza,B1853,0,TokyoMetro
Ginza,B1825,0,TokyoMetro
Ginza,B1811,0,TokyoMetro
Ginza,B1859,0,TokyoMetro
Chiyoda,A1813S,0,TokyoMetro
Chiyoda,A1805S,0,TokyoMetro
Chiyoda,A1851E,0,Odakyu
Chiyoda,A1709K,0,JR-East
Chiyoda,A1719K,0,JR-East
Chiyoda,A1831S,0,TokyoMetro
Chiyoda,A1745S,0,TokyoMetro
Chiyoda,A1703K,0,JR-East
Chiyoda,A1853S,0,TokyoMetro
Chiyoda,B1803S,0,TokyoMetro
Chiyoda,B1811S,0,TokyoMetro
Chiyoda,B1817S,0,TokyoMetro
Chiyoda,B1813K,0,JR-East
Chiyoda,B1843S,0,TokyoMetro
Chiyoda,B1825K,0,JR-East
Chiyoda,B1847E,0,Odakyu
Chiyoda,B1843E,0,Odakyu
Chiyoda,B1845E,0,Odakyu
Chiyoda,B1707S,0,TokyoMetro
Chiyoda,B1815S,0,TokyoMetro
Chiyoda,B1898S4,0,TokyoMetro
Chiyoda,B1896S3,0,TokyoMetro
Hanzomon,A1709K,0,Tokyu
Hanzomon,A1866T,0,Tobu
Hanzomon,A1774T,0,Tobu
Hanzomon,A1737K,0,Tokyu
Hanzomon,A1723K,0,Tokyu
Hanzomon,A1751S,0,TokyoMetro
Hanzomon,A1724K,0,Tokyu
Hanzomon,A1776T,0,Tobu
Hanzomon,A1760T,0,Tobu
Hanzomon,A1710K,0,Tokyu
Hanzomon,B1829K,0,Tokyu
Hanzomon,B1828K,0,Tokyu
Hanzomon,B1889S,0,TokyoMetro
Hanzomon,B1772T,0,Tobu
Hanzomon,B1801K,0,Tokyu
Hanzomon,B1832K,0,Tokyu
Hanzomon,B1716K,0,Tokyu
Hanzomon,B1836K,0,Tokyu
Hanzomon,B1867S,0,TokyoMetro
Hanzomon,B1712K,0,Tokyu
Hanzomon,B1887S,0,TokyoMetro
Fukutoshin,A1845S,0,TokyoMetro
Fukutoshin,A1827K,0,Tokyu
Fukutoshin,A1816K,0,Tokyu
Fukutoshin,A1835S,0,TokyoMetro
Fukutoshin,A1804K,0,Tokyu
Fukutoshin,A1811K,0,Tokyu
Fukutoshin,A1803K,0,Tokyu
Fukutoshin,B1869S,0,TokyoMetro
Fukutoshin,B1817K,0,Tokyu
Fukutoshin,B1713S,0,TokyoMetro
Fukutoshin,B1720K,0,Tokyu
Fukutoshin,B1729S,0,TokyoMetro
Fukutoshin,B1702K,0,Tokyu
Fukutoshin,B1701S,0,TokyoMetro
Fukutoshin,B1723K,0,Tokyu
Fukutoshin,B1751K,0,Tokyu
Namboku,A1982M,0,SaitamaRailway
Namboku,A1983T,0,Toei
Namboku,A2070S,0,TokyoMetro
Namboku,A1960S,0,TokyoMetro
Namboku,A1916K,0,Tokyu
Namboku,A1964S,0,TokyoMetro
Namboku,A1988M,0,SaitamaRailway
Namboku,A1938S,0,TokyoMetro
Namboku,B2032S,0,TokyoMetro
Namboku,B1984M,0,SaitamaRailway
Namboku,B1956S,0,TokyoMetro
Namboku,B1930S,0,TokyoMetro
Namboku,B1944S,0,TokyoMetro
Namboku,B1966S,0,TokyoMetro
Namboku,B1942S,0,TokyoMetro
Namboku,B1934S,0,TokyoMetro
Hibiya,A1958S,0,TokyoMetro
Hibiya,A2034S,0,TokyoMetro
Hibiya,A1944S,0,TokyoMetro
Hibiya,A2066S,0,TokyoMetro
Hibiya,A1817T,0,Tobu
Hibiya,A1964S,0,TokyoMetro
Hibiya,A1904S,0,TokyoMetro
Hibiya,A1911T,0,Tobu
Hibiya,A1905T,0,Tobu
Hibiya,A1956S,0,TokyoMetro
Hibiya,A1923T,0,Tobu
Hibiya,B2028S,0,TokyoMetro
Hibiya,B2052S,0,TokyoMetro
Hibiya,B2001T,0,Tobu
Hibiya,B2072S,0,TokyoMetro
Hibiya,B1909T,0,Tobu
Hibiya,B1931T,0,Tobu
Hibiya,B1933T,0,Tobu
Hibiya,B1968S,0,TokyoMetro
Hibiya,B1912S,0,TokyoMetro
Hibiya,B1932S,0,TokyoMetro
Hibiya,B1930S,0,TokyoMetro
Hibiya,B1960S,0,TokyoMetro
Hibiya,B1936S,0,TokyoMetro
Marunouchi,A2027,0,TokyoMetro
Marunouchi,A2021,0,TokyoMetro
Marunouchi,A2093,0,TokyoMetro
Marunouchi,A2071,0,TokyoMetro
Marunouchi,A2011,0,TokyoMetro
Marunouchi,A1919,0,TokyoMetro
Marunouchi,A1965,0,TokyoMetro
Marunouchi,A1985,0,TokyoMetro
Marunouchi,A1979,0,TokyoMetro
Marunouchi,A1935,0,TokyoMetro
Marunouchi,A1951,0,TokyoMetro
Marunouchi,A1947,0,TokyoMetro
Marunouchi,A1915,0,TokyoMetro
Marunouchi,A1967,0,TokyoMetro
Marunouchi,A1929,0,TokyoMetro
Marunouchi,A20381,0,TokyoMetro
Marunouchi,A1933,0,TokyoMetro
Marunouchi,A1959,0,TokyoMetro
Marunouchi,B20361,0,TokyoMetro
Marunouchi,B20341,0,TokyoMetro
Marunouchi,B2017,0,TokyoMetro
Marunouchi,B2057,0,TokyoMetro
Marunouchi,B2039,0,TokyoMetro
Marunouchi,B2061,0,TokyoMetro
Marunouchi,B2005,0,TokyoMetro
Marunouchi,B1975,0,TokyoMetro
Marunouchi,B2063,0,TokyoMetro
Marunouchi,B1981,0,TokyoMetro
Marunouchi,B1913,0,TokyoMetro
Marunouchi,B1987,0,TokyoMetro
Marunouchi,B1925,0,TokyoMetro
Marunouchi,B1931,0,TokyoMetro
Marunouchi,B1909,0,TokyoMetro
Marunouchi,B1969,0,TokyoMetro
Marunouchi,B1949,0,TokyoMetro
Marunouchi,B1973,0,TokyoMetro
Marunouchi,B1907,0,TokyoMetro
Yurakucho,A1923S,0,TokyoMetro
Yurakucho,A2023T,0,Tobu
Yurakucho,A1951S,0,TokyoMetro
Yurakucho,A1936M,0,Seibu
Yurakucho,A1939S,0,TokyoMetro
Yurakucho,A1953S,0,TokyoMetro
Yurakucho,A1993S,0,TokyoMetro
Yurakucho,A1947S,0,TokyoMetro
Yurakucho,A1814M,0,Seibu
Yurakucho,B2031S,0,TokyoMetro
Yurakucho,B2043S,0,TokyoMetro
Yurakucho,B2075S,0,TokyoMetro
Yurakucho,B1930M,0,Seibu
Yurakucho,B2053M,0,Seibu
Yurakucho,B1955S,0,TokyoMetro
Yurakucho,B1921T,0,Tobu
Yurakucho,B1971S,0,TokyoMetro
Yurakucho,B1937S,0,TokyoMetro
Yurakucho,B1904M,0,Seibu
Yurakucho,B1901T,0,Tobu
Tozai,A2015S,0,TokyoMetro
Tozai,A2064T,0,ToyoRapidRailway
Tozai,A1907K,0,JR-East
Tozai,A2063S,0,TokyoMetro
Tozai,A2043S,0,TokyoMetro
Tozai,A1966T,0,ToyoRapidRailway
Tozai,A1913S,0,TokyoMetro
Tozai,A1903K,0,JR-East
Tozai,A1995S,0,TokyoMetro
Tozai,A1921S,0,TokyoMetro
Tozai,A1923S,0,TokyoMetro
Tozai,A1909K,0,JR-East
Tozai,A1917S,0,TokyoMetro
Tozai,A1931S,0,TokyoMetro
Tozai,A1991S,0,TokyoMetro
Tozai,A1975S,0,TokyoMetro
Tozai,B2067S,0,TokyoMetro
Tozai,B1985S,0,TokyoMetro
Tozai,B2068T,0,ToyoRapidRailway
Tozai,B1958T,0,ToyoRapidRailway
Tozai,B1933S,0,TokyoMetro
Tozai,B1949S,0,TokyoMetro
Tozai,B1919S,0,TokyoMetro
Tozai,B1954T,0,ToyoRapidRailway
Tozai,B1939S,0,TokyoMetro
Tozai,B1950T,0,ToyoRapidRailway
Tozai,B1911K,0,JR-East
Tozai,B1951S,0,TokyoMetro
Tozai,B1956T,0,ToyoRapidRailway
Tozai,B1929S,0,TokyoMetro
Tozai,B1905K,0,JR-East
Ginza,A2053,0,TokyoMetro
Ginza,A2025,0,TokyoMetro
Ginza,A2023,0,TokyoMetro
Ginza,A2003,0,TokyoMetro
Ginza,A1943,0,TokyoMetro
Ginza,A1957,0,TokyoMetro
Ginza,A1919,0,TokyoMetro
Ginza,A1967,0,TokyoMetro
Ginza,A1955,0,TokyoMetro
Ginza,A1929,0,TokyoMetro
Ginza,A1945,0,TokyoMetro
Ginza,A1949,0,TokyoMetro
Ginza,B2041,0,TokyoMetro
Ginza,B2033,0,TokyoMetro
Ginza,B2051,0,TokyoMetro
Ginza,B2015,0,TokyoMetro
Ginza,B1939,0,TokyoMetro
Ginza,B1935,0,TokyoMetro
Ginza,B1937,0,TokyoMetro
Ginza,B1969,0,TokyoMetro
Ginza,B1931,0,TokyoMetro
Ginza,B1913,0,TokyoMetro
Ginza,B1961,0,TokyoMetro
Chiyoda,A2098S1,0,TokyoMetro
Chiyoda,A1915S,0,TokyoMetro
Chiyoda,A1921K,0,JR-East
Chiyoda,A1945E,0,Odakyu
Chiyoda,A1901K,0,JR-East
Chiyoda,A2013E,0,Odakyu
Chiyoda,A1907S,0,TokyoMetro
Chiyoda,A1927S,0,TokyoMetro
Chiyoda,A1947S,0,TokyoMetro
Chiyoda,A1957E,0,Odakyu
Chiyoda,A1933K,0,JR-East
Chiyoda,B2027K,0,JR-East
Chiyoda,B2031K,0,JR-East
Chiyoda,B2015K,0,JR-East
Chiyoda,B1909S,0,TokyoMetro
Chiyoda,B1905K,0,JR-East
Chiyoda,B1939S,0,TokyoMetro
Chiyoda,B1919S,0,TokyoMetro
Chiyoda,B1913S,0,TokyoMetro
Chiyoda,B2096S1,0,TokyoMetro
Hanzomon,A1962T,0,Tobu
Hanzomon,A1969S,0,TokyoMetro
Hanzomon,A1914K,0,Tokyu
Hanzomon,A1927K,0,Tokyu
Hanzomon,A1934K,0,Tokyu
Hanzomon,A1863S,0,TokyoMetro
Hanzomon,A1954T,0,Tobu
Hanzomon,A1905K,0,Tokyu
Hanzomon,A1907K,0,Tokyu
Hanzomon,A1815K,0,Tokyu
Hanzomon,B2008K,0,Tokyu
Hanzomon,B2082T,0,Tobu
Hanzomon,B1957S,0,TokyoMetro
Hanzomon,B2033K,0,Tokyu
Hanzomon,B2093S,0,TokyoMetro
Hanzomon,B1956T,0,Tobu
Hanzomon,B1939K,0,Tokyu
Hanzomon,B1903K,0,Tokyu
Hanzomon,B1831K,0,Tokyu
Hanzomon,B1978T,0,Tobu
Hanzomon,B1938K,0,Tokyu
Hanzomon,B1858T,0,Tobu
Hanzomon,B1980T,300,Tobu
Hanzomon,B1902K,420,Tokyu
Fukutoshin,A2008M,0,Seibu
Fukutoshin,A1912K,0,Tokyu
Fukutoshin,A1917T,0,Tobu
Fukutoshin,A1902K,0,Tokyu
Fukutoshin,A1917K,0,Tokyu
Fukutoshin,A1977S,0,TokyoMetro
Fukutoshin,B1911S,0,TokyoMetro
Fukutoshin,B1906M,0,Seibu
Fukutoshin,B1909T,0,Tobu
Fukutoshin,B1925K,0,Tokyu
Fukutoshin,B1921K,0,Tokyu
Fukutoshin,B1919T,0,Tobu
Fukutoshin,B1818K,0,Tokyu
Fukutoshin,B1826K,0,Tokyu
Namboku,A2361T,0,Toei
Namboku,A2442S,0,TokyoMetro
Namboku,A2388M,0,SaitamaRailway
Namboku,A2396M,0,SaitamaRailway
Namboku,A2380M,0,SaitamaRailway
Namboku,A2386M,0,SaitamaRailway
Namboku,A2282M,0,SaitamaRailway
Namboku,B2356S,0,TokyoMetro
Namboku,B2318K,0,Tokyu
Namboku,B2316K,0,Tokyu
Namboku,B2352S,0,TokyoMetro
Namboku,B2310K,0,Tokyu
Namboku,B2212K,0,Tokyu
Hibiya,A2310S,0,TokyoMetro
Hibiya,A2266S,0,TokyoMetro
Hibiya,A2304S,0,TokyoMetro
Hibiya,A2228S,0,TokyoMetro
Hibiya,B2301T,0,Tobu
Hibiya,B2360S,0,TokyoMetro
Hibiya,B2348S,0,TokyoMetro
Hibiya,B2329T,0,Tobu
Hibiya,B2333T,0,Tobu
Hibiya,B2323T,0,Tobu
Hibiya,B2306S,0,TokyoMetro
Hibiya,B2324S,0,TokyoMetro
Hibiya,B2337T,0,Tobu
Marunouchi,A2327,0,TokyoMetro
Marunouchi,A2311,0,TokyoMetro
Marunouchi,A2385,0,TokyoMetro
Marunouchi,A2379,0,TokyoMetro
Marunouchi,A2335,0,TokyoMetro
Marunouchi,A2347,0,TokyoMetro
Marunouchi,A2367,0,TokyoMetro
Marunouchi,A23363,0,TokyoMetro
Marunouchi,A2333,0,TokyoMetro
Marunouchi,A2329,0,TokyoMetro
Marunouchi,A23342,0,TokyoMetro
Marunouchi,B23382,0,TokyoMetro
Marunouchi,B2361,0,TokyoMetro
Marunouchi,B2363,0,TokyoMetro
Marunouchi,B2387,0,TokyoMetro
Marunouchi,B2325,0,TokyoMetro
Marunouchi,B2331,0,TokyoMetro
Marunouchi,B2373,0,TokyoMetro
Yurakucho,A2327S,0,TokyoMetro
Yurakucho,A2377S,0,TokyoMetro
Yurakucho,A2363S,0,TokyoMetro
Yurakucho,A2369S,0,TokyoMetro
Yurakucho,A2229S,0,TokyoMetro
Yurakucho,A2239S,0,TokyoMetro
Yurakucho,B2367S,0,TokyoMetro
Yurakucho,B2393S,0,TokyoMetro
Yurakucho,B2351S,0,TokyoMetro
Yurakucho,B2331S,0,TokyoMetro
Yurakucho,B2336M,0,Seibu
Yurakucho,B2318M,0,Seibu
Yurakucho,B2375S,0,TokyoMetro
Tozai,A2375S,0,TokyoMetro
Tozai,A2341S,0,TokyoMetro
Tozai,A2369S,0,TokyoMetro
Tozai,A2367S,0,TokyoMetro
Tozai,A2327S,0,TokyoMetro
Tozai,A2358T,0,ToyoRapidRailway
Tozai,A2385S,0,TokyoMetro
Tozai,A2371S,0,TokyoMetro
Tozai,A2361S,0,TokyoMetro
Tozai,A2319S,0,TokyoMetro
Tozai,A2350T,0,ToyoRapidRailway
Tozai,A2368T,0,ToyoRapidRailway
Tozai,B2331S,0,TokyoMetro
Tozai,B2313S,0,TokyoMetro
Tozai,B2323S,0,TokyoMetro
Tozai,B2255S,0,TokyoMetro
Tozai,B2299S,0,TokyoMetro
Ginza,A2343,0,TokyoMetro
Ginza,A2357,0,TokyoMetro
Ginza,A2319,0,TokyoMetro
Ginza,A2355,0,TokyoMetro
Ginza,A2345,0,TokyoMetro
Ginza,A2349,0,TokyoMetro
Ginza,A2309,0,TokyoMetro
Ginza,A2333,0,TokyoMetro
Ginza,B2315,0,TokyoMetro
Ginza,B2339,0,TokyoMetro
Ginza,B2331,0,TokyoMetro
Ginza,B2313,0,TokyoMetro
Ginza,B2361,0,TokyoMetro
Ginza,B2353,0,TokyoMetro
Chiyoda,A2398S4,0,TokyoMetro
Chiyoda,A2331S,0,TokyoMetro
Chiyoda,A2323S,0,TokyoMetro
Chiyoda,A2345S,0,TokyoMetro
Chiyoda,A2309S,0,TokyoMetro
Chiyoda,A2241S,0,TokyoMetro
Chiyoda,B2305S,0,TokyoMetro
Chiyoda,B2321K,0,JR-East
Chiyoda,B2325S,0,TokyoMetro
Chiyoda,B2345E,0,Odakyu
Chiyoda,B2347E,0,Odakyu
Chiyoda,B2301K,0,JR-East
Chiyoda,B2327S,0,TokyoMetro
Hanzomon,A2274T,0,Tobu
Hanzomon,A2267S,0,TokyoMetro
Hanzomon,A2230K,0,Tokyu
Hanzomon,B2360T,0,Tobu
Hanzomon,B2334K,0,Tokyu
Hanzomon,B2232K,0,Tokyu
Hanzomon,B2307K,0,Tokyu
Hanzomon,B2226K,0,Tokyu
Hanzomon,B2314K,0,Tokyu
Hanzomon,B2204K,0,Tokyu
Hanzomon,B2333K,300,Tokyu
Fukutoshin,A2322K,0,Tokyu
Fukutoshin,A2317K,0,Tokyu
Fukutoshin,A2301K,0,Tokyu
Fukutoshin,A2312K,0,Tokyu
Fukutoshin,A2315K,0,Tokyu
Fukutoshin,B2301S,0,TokyoMetro
Fukutoshin,B2308M,0,Seibu
Fukutoshin,B2236K,0,Tokyu
Fukutoshin,B2211S,0,TokyoMetro
Fukutoshin,B2205K,0,Tokyu
